{
  "totalVectorsCount": [
    -1, -1, -1, -1, -1, -1, -1, -1, -1, 10100, 10100, 10100, 10100, 10100,
    10100, 10100, 10100, 10100, 10100, 10100, 10100
  ],
  "searchVectorsCount": [
    -1, -1, -1, -1, -1, -1, -1, -1, -1, 11, 11, 11, 11, 11, 11, 11, 11, 34, 34,
    34, 85
  ],
  "sqLatency": [
    -1, -1, -1, -1, -1, -1, -1, -1, -1, 506.8829768717992, 0, 0, 0, 0, 0, 0, 0,
    0, 508.07466666666664, 0, 0, 1995.776
  ],
  "meta": [
    -1, -1, -1, -1, -1, -1, -1, -1, -1, 1, 1, 1, 1, 1, 1, 1, 1, 1, 1, 1, 1
  ],
  "msgstream": [
    -1, -1, -1, -1, -1, -1, -1, -1, -1, 1, 1, 1, 1, 1, 1, 1, 1, 1, 1, 1, 1
  ],
  "objstorage": [
    -1, -1, -1, -1, -1, -1, -1, -1, -1, 1, 1, 1, 1, 1, 1, 1, 1, 1, 1, 1, 1
  ],
  "rootNodes": [
    {
      "type": "coord",
      "pod": "tianmin-milvus-rootcoord-66bb975f6d-jxx6s",
      "cpu": [
        376.13, 758.03, 1155.1, 1559.85, 1944, 2332.24, 2735.8, 3137.48,
        3521.33, 3920.21, 4298.6, 4674.12, 5040.54
      ],
      "memory": [
        267030528, 267030528, 259407872, 257298432, 257298432, 256708608,
        256643072, 256626688, 256598016, 256598016, 256794624, 256786432,
        256786432
      ]
    }
  ],
  "queryNodes": [
    {
      "type": "coord",
      "pod": "tianmin-milvus-querycoord-d779dfdd4-njjp5",
      "cpu": [
        -1, -1, -1, -1, -1, -1, -1, -1, -1, 0.004354861111111111,
        0.004148263888888889, 0.004453819444444443, 0.004365277777777779,
        0.004188541666666667, 0.004348263888888889, 0.004374305555555556,
        0.004205555555555552, 0.004389583333333336, 0.004275347222222218,
        0.004134375000000006, 0.004095833333333335
      ],
      "memory": [
        -1, -1, -1, -1, -1, -1, -1, -1, -1, 198668288, 198307840, 200466432,
        199086080, 199942144, 194887680, 200523776, 196640768, 199692288,
        194867200, 196759552, 198111232
      ]
    },
    {
      "type": "node",
      "pod": "tianmin-milvus-querynode-68866999f4-t8wtz",
      "cpu": [
        -1, -1, -1, -1, -1, -1, -1, -1, -1, 0.006875347222222222,
        0.007737152777777779, 0.007752083333333333, 0.006654513888888888,
        0.006953125, 0.007668055555555553, 0.007513194444444448,
        0.006884374999999999, 0.007900347222222229, 0.007532291666666661,
        0.007135069444444437, 0.007169791666666675
      ],
      "memory": [
        -1, -1, -1, -1, -1, -1, -1, -1, -1, 229572608, 223236096, 221335552,
        219553792, 219643904, 220409856, 220393472, 219332608, 227799040,
        227758080, 226185216, 226619392
      ]
    },
    {
      "type": "node",
      "pod": "tianmin-milvus-querynode-68866999f4-ftmql",
      "cpu": [
        -1, -1, -1, -1, -1, -1, -1, -1, -1, 0.0060999999999999995,
        0.006392708333333332, 0.006654861111111114, 0.005995486111111109,
        0.005906597222222223, 0.006739236111111108, 0.006666319444444444,
        0.005960416666666669, 0.007247916666666667, 0.006772916666666665,
        0.006012847222222225, 0.006104513888888887
      ],
      "memory": [
        -1, -1, -1, -1, -1, -1, -1, -1, -1, 234229760, 235794432, 235827200,
        234188800, 234881024, 236142592, 236150784, 235180032, 240599040,
        240476160, 239734784, 239882240
      ]
    }
  ],
  "indexNodes": [
    {
      "type": "coord",
      "pod": "tianmin-milvus-indexcoord-864d49b47f-t7w4k",
      "cpu": [
        -1, -1, -1, -1, -1, -1, -1, -1, -1, 0.0010534722222222221,
        0.0009885416666666666, 0.0010402777777777776, 0.001061805555555556,
        0.0010104166666666664, 0.0010604166666666663, 0.001054861111111111,
        0.0010246527777777784, 0.0010458333333333335, 0.0009649305555555543,
        0.0009010416666666683, 0.0009291666666666664
      ],
      "memory": [
        -1, -1, -1, -1, -1, -1, -1, -1, -1, 172568576, 181334016, 181194752,
        181170176, 180797440, 179240960, 179204096, 178769920, 179372032,
        179511296, 179613696, 179302400
      ]
    },
    {
      "type": "node",
      "pod": "tianmin-milvus-indexnode-6cdc5f745b-j5ttn",
      "cpu": [
        -1, -1, -1, -1, -1, -1, -1, -1, -1, 0.0007239583333333333,
        0.0006895833333333333, 0.000747222222222222, 0.0007375000000000003,
        0.000704861111111111, 0.000752777777777778, 0.0007406249999999994,
        0.0006965277777777779, 0.0007451388888888892, 0.0006732638888888884,
        0.0006333333333333336, 0.0006513888888888896
      ],
      "memory": [
        -1, -1, -1, -1, -1, -1, -1, -1, -1, 1075355648, 1075339264, 1075503104,
        1075728384, 1075642368, 1075568640, 1075712000, 1075863552, 1076625408,
        1075990528, 1076199424, 1076326400
      ]
    }
  ],
  "dataNodes": [
    {
      "type": "coord",
      "pod": "tianmin-milvus-datacoord-bb57486b-w29cx",
      "cpu": [
        -1, -1, -1, -1, -1, -1, -1, -1, -1, 0.0037305555555555555,
        0.004054513888888888, 0.0042069444444444454, 0.0036847222222222203,
        0.0034364583333333343, 0.004098611111111114, 0.004046180555555555,
        0.003398958333333333, 0.0039364583333333335, 0.003711805555555559,
        0.003448263888888887, 0.003430208333333332
      ],
      "memory": [
        -1, -1, -1, -1, -1, -1, -1, -1, -1, 205545472, 201728000, 208707584,
        206086144, 202588160, 204652544, 202850304, 207249408, 210554880,
        203558912, 204767232, 208343040
      ]
    },
    {
      "type": "node",
      "pod": "tianmin-milvus-datanode-7b759b9697-snqqx",
      "cpu": [
        -1, -1, -1, -1, -1, -1, -1, -1, -1, 0.005490972222222223,
        0.005468055555555554, 0.005621180555555557, 0.005448958333333332,
        0.005135763888888888, 0.0055760416666666675, 0.0055836805555555535,
        0.005151388888888894, 0.005699305555555551, 0.005477777777777778,
        0.00502673611111111, 0.005077430555555556
      ],
      "memory": [
        -1, -1, -1, -1, -1, -1, -1, -1, -1, 222609408, 235073536, 235151360,
        235159552, 234332160, 233107456, 233111552, 232488960, 233603072,
        233611264, 232898560, 233619456
      ]
    },
    {
      "type": "node",
      "pod": "tianmin-milvus-datanode-7b759b9697-hzd9w",
      "cpu": [
        -1, -1, -1, -1, -1, -1, -1, -1, -1, 0.0060996527777777785,
        0.006033333333333331, 0.006782291666666668, 0.006199999999999998,
        0.005823958333333334, 0.007095486111111116, 0.006971180555555555,
        0.005759722222222218, 0.006396527777777779, 0.0057159722222222265,
        0.005308680555555551, 0.005292708333333327
      ],
      "memory": [
        -1, -1, -1, -1, -1, -1, -1, -1, -1, 222482432, 222982144, 223010816,
        222834688, 222400512, 223166464, 223830016, 223051776, 223911936,
        223911936, 223653888, 223993856
      ]
    }
  ]
}
