{
  "totalVectorsCount": [
    10100, 10100, 10100, 10100, 10100, 10100, 20200, 20200, 20200, 20200, 20200,
    20200, 20200, 20200, 20200, 20200, 20200, 20200, 20200, 20200, 20200
  ],
  "searchVectorsCount": [
    51, 0, 0, 16, 0, 0, 0, 0, 0, 0, 0, 0, 0, 0, 0, 0, 0, 0, 0, 0, 0
  ],
  "sqLatency": [
    0, 1995.776, 0, 0, 509.44000000000005, 0, 0, 0, 0, 0, 0, 0, 0, 0, 0, 0, 0,
    0, 0, 0, 0, 0
  ],
  "meta": [1, 1, 1, 1, 1, 1, 1, 1, 1, 1, 1, 1, 1, 1, 1, 1, 1, 1, 1, 1, 1],
  "msgstream": [
    0.9999987192278481, 1.000001241850357, 1, 1, 1, 1, 1, 1, 1, 1, 1, 1, 1, 1,
    1, 1, 1, 1, 1, 1, 1
  ],
  "objstorage": [1, 1, 1, 1, 1, 1, 1, 1, 1, 1, 1, 1, 1, 1, 1, 1, 1, 1, 1, 1, 1],
  "rootNodes": [
    {
      "type": "coord",
      "pod": "tianmin-milvus-rootcoord-66bb975f6d-jxx6s",
      "cpu": [
        0.012685416666666671, 0.012543402777777778, 0.012973958333333353,
        0.01245138888888887, 0.014343055555555553, 0.01412222222222223,
        0.014353472222222226, 0.01409826388888888, 0.013789930555555574,
        0.01384513888888888, 0.013060416666666647, 0.013064236111111112,
        0.012952777777777808, 0.013211805555555555, 0.013215277777777791,
        0.013023958333333275, 0.013395138888888911, 0.01334201388888889,
        0.012905902777777796, 0.013392708333333303, 0.013308333333333356
      ],
      "memory": [
        256786432, 256786432, 256163840, 256147456, 256143360, 256143360,
        256139264, 234467328, 227409920, 226013184, 226013184, 226013184,
        224165888, 224165888, 224063488, 224063488, 223633408, 223633408,
        223633408, 223633408, 223592448
      ]
    }
  ],
  "queryNodes": [
    {
      "type": "coord",
      "pod": "tianmin-milvus-querycoord-d779dfdd4-njjp5",
      "cpu": [
        0.004101041666666663, 0.003982291666666669, 0.004053125,
        0.004022916666666671, 0.004190624999999994, 0.004188888888888892,
        0.004214930555555551, 0.004066666666666663, 0.004054513888888888,
        0.004250694444444447, 0.004367361111111118, 0.004352083333333338,
        0.004473263888888886, 0.004397569444444448, 0.004364236111111097,
        0.00445347222222223, 0.004335069444444441, 0.004356944444444445,
        0.004137847222222225, 0.004144444444444449, 0.004073263888888887
      ],
      "memory": [
        196358144, 199794688, 196919296, 196612096, 196096000, 195846144,
        200585216, 199811072, 199643136, 200392704, 195579904, 197345280,
        199356416, 199155712, 200818688, 201146368, 198569984, 199335936,
        198352896, 201076736, 196235264
      ]
    },
    {
      "type": "node",
      "pod": "tianmin-milvus-querynode-68866999f4-t8wtz",
      "cpu": [
        0.007112152777777775, 0.006854513888888884, 0.0073892361111111094,
        0.006928472222222221, 0.008007291666666671, 0.008076736111111116,
        0.008597916666666663, 0.008150694444444436, 0.007825694444444448,
        0.00805312500000001, 0.007207638888888887, 0.007342013888888882,
        0.00695937500000001, 0.007777430555555548, 0.0076819444444444366,
        0.007389583333333355, 0.007785763888888873, 0.00781284722222223,
        0.007146874999999998, 0.007248263888888889, 0.007239236111111103
      ],
      "memory": [
        226652160, 224366592, 222994432, 227840000, 228249600, 226996224,
        274440192, 251985920, 244887552, 256131072, 255901696, 255942656,
        253829120, 255168512, 255004672, 261414912, 261603328, 261533696,
        260169728, 260403200, 260911104
      ]
    },
    {
      "type": "node",
      "pod": "tianmin-milvus-querynode-68866999f4-ftmql",
      "cpu": [
        0.006090277777777781, 0.0058100694444444415, 0.006048611111111121,
        0.005899652777777773, 0.006252430555555561, 0.0062645833333333355,
        0.006651388888888887, 0.0061711805555555565, 0.005942708333333336,
        0.006573958333333331, 0.0064229166666666514, 0.006414583333333357,
        0.006329513888888888, 0.006902083333333324, 0.006721180555555545,
        0.00663472222222222, 0.006575694444444448, 0.006790277777777792,
        0.006086458333333332, 0.006110763888888882, 0.005955902777777769
      ],
      "memory": [
        241979392, 237637632, 237838336, 245350400, 245428224, 244047872,
        294604800, 293490688, 293425152, 293871616, 293416960, 293269504,
        293273600, 294273024, 294141952, 294559744, 294559744, 294158336,
        293429248, 293548032, 293933056
      ]
    }
  ],
  "indexNodes": [
    {
      "type": "coord",
      "pod": "tianmin-milvus-indexcoord-864d49b47f-t7w4k",
      "cpu": [
        0.0009246527777777776, 0.0009281249999999986, 0.0009041666666666674,
        0.0009208333333333327, 0.0009611111111111114, 0.0009899305555555553,
        0.0009916666666666687, 0.0009406249999999971, 0.0009343750000000028,
        0.0009451388888888859, 0.0009118055555555591, 0.0009263888888888872,
        0.0009142361111111125, 0.0009312499999999978, 0.0009114583333333333,
        0.0009156250000000002, 0.0009107638888888896, 0.0009145833333333344,
        0.001040624999999997, 0.0010041666666666693, 0.0010395833333333314
      ],
      "memory": [
        179036160, 179437568, 178999296, 179400704, 179265536, 179404800,
        179617792, 179322880, 179195904, 179769344, 179130368, 179163136,
        179671040, 179466240, 179105792, 179281920, 179163136, 179449856,
        179531776, 179519488, 179597312
      ]
    },
    {
      "type": "node",
      "pod": "tianmin-milvus-indexnode-6cdc5f745b-j5ttn",
      "cpu": [
        0.0006562499999999992, 0.0006225694444444447, 0.000621180555555555,
        0.000625, 0.0006256944444444458, 0.0006343749999999994,
        0.0008763888888888892, 0.0006246527777777781, 0.0006236111111111104,
        0.0006934027777777787, 0.0007628472222222212, 0.0007402777777777775,
        0.0007593750000000002, 0.0007652777777777785, 0.0007510416666666665,
        0.0007649305555555546, 0.0007270833333333352, 0.0007420138888888891,
        0.0006767361111111115, 0.0006892361111111079, 0.0006680555555555559
      ],
      "memory": [
        1075818496, 1075908608, 1076088832, 1075875840, 1076109312, 1076006912,
        1401651200, 1401458688, 1401626624, 1401880576, 1401569280, 1401815040,
        1401688064, 1401462784, 1401683968, 1401614336, 1401364480, 1401761792,
        1401597952, 1401376768, 1401483264
      ]
    }
  ],
  "dataNodes": [
    {
      "type": "coord",
      "pod": "tianmin-milvus-datacoord-bb57486b-w29cx",
      "cpu": [
        0.0034170138888888917, 0.0033708333333333307, 0.003458333333333338,
        0.003440277777777775, 0.0035854166666666664, 0.0036586805555555517,
        0.003824305555555559, 0.0035819444444444393, 0.0035041666666666693,
        0.003850694444444448, 0.0038048611111111087, 0.0037906250000000023,
        0.0037343750000000064, 0.004230902777777774, 0.004072916666666657,
        0.0041246527777777766, 0.00406284722222223, 0.004109374999999997,
        0.003622916666666672, 0.0035673611111111036, 0.003509027777777776
      ],
      "memory": [
        207458304, 205180928, 205942784, 203255808, 205172736, 204587008,
        204673024, 207888384, 207896576, 208162816, 206340096, 207425536,
        207859712, 208457728, 207384576, 206680064, 207507456, 204734464,
        206397440, 206385152, 204709888
      ]
    },
    {
      "type": "node",
      "pod": "tianmin-milvus-datanode-7b759b9697-snqqx",
      "cpu": [
        0.005009374999999999, 0.005132291666666664, 0.005037152777777784,
        0.0051555555555555565, 0.005372916666666659, 0.005334722222222218,
        0.005506250000000013, 0.005367013888888879, 0.005113541666666666,
        0.005218402777777777, 0.005051388888888889, 0.00507847222222223,
        0.0049961805555555515, 0.0053750000000000065, 0.005430902777777789,
        0.005427083333333308, 0.005367013888888911, 0.005399305555555556,
        0.005404861111111106, 0.0053663194444444505, 0.005429861111111083
      ],